pool_address,token_address,symbol,network,t0_timestamp,t0_date,t0_price_usd,t0_liquidity_usd,t0_mcap_usd,t0_volume_usd_15m,t0_top10_holder_pct,t0_dev_wallet_pct,t0_lp_locked_days,t0_is_token_2022,t0_has_malicious_extensions,liq_mcap_ratio,status,tfinal_timestamp,tfinal_date,tfinal_24h_price_usd,tfinal_24h_vol_usd,roi_24h,outcome_label,outcome_reason,raw_symbol,age_hours,t0_has_rtl_scam,t0_buy_sell_ratio,t0_holder_count_exact,t0_holder_count_floor,t0_holder_count_capped,t0_avg_tx_size,t0_single_wallet_vol_pct,pool_slot,creator_funding_slot,pool_time,t0_ratio_window,drop_reason
Cxmg4rFThD4caNbapPcspftFDRT6ZM3NL77kXh6envRH,5BChqQSY1SwvV6YTYeJPwvdudngG332B4SpSMviMsKVZ,QWERTY,solana,1786057661,2026-08-06T23:07:41.375349+00:00,3.053615199291047e-08,48.7841,30.53615199,2.6347253118,100.0,87.01,0,False,False,1.5976,RESOLVED,1786058491.0,2026-08-06T23:21:31.943266+00:00,0.004342514232597162,5.9931946063,142208.954,Winner,24h ROI was 142208.95x,,,,,,,,,,,,,,
2fzimJDTLmUVeGiPfL84rYytimeeNEjFz4z4JjdMZCGW,BmPYNjBujLRbfGBaV67CJVhxQL3DD4VqvnumJoJspump,TUNG,solana,1786057662,2026-08-06T23:07:42.793184+00:00,8.603178680934787e-07,270.8411,1643.423985,86.212319199,100.0,50.51,365,True,False,0.1648,RESOLVED,1786058491.0,2026-08-06T23:21:34.033317+00:00,1.7016979682014703e-07,155.9669009231,0.1978,Rug / dead,24h ROI plummeted to 0.20x,,,,,,,,,,,,,,
6NNqk7v6iRYAkxg6ppaKTf3brMnmcaT59xyzGSsBHFHU,HHjWhE1Ak2JbGbfQoLgnd3J74tktrqrCinFq38xopxgx,WIG,solana,1786057664,2026-08-06T23:07:44.169036+00:00,3.4980713140505016e-05,0.0,34980.71314,850.1083142194,96.12,61.44,365,True,False,0.0,RESOLVED,1786058491.0,2026-08-06T23:21:35.992935+00:00,3.4980713140505016e-05,850.4243294328,1.0,Flat / mediocre,Survived but ROI only 1.00x,,,,,,,,,,,,,,
HjcneQmNQTATHvQYjPZgixiJJfoHPWSkf3rpYoWNpyPJ,4kWkSisDwd9h8rPMcWvitHkxqKgMk7973WzHjwpupump,KOONZ,solana,1786057665,2026-08-06T23:07:45.677183+00:00,2.042275873280727e-06,1619.7131,2042.275873,9.3294927156,100.0,99.47,365,True,False,0.7931,RESOLVED,1786058491.0,2026-08-06T23:21:37.893423+00:00,2.04495564695431e-06,17.9507410818,1.0013,Flat / mediocre,Survived but ROI only 1.00x,,,,,,,,,,,,,,
7ACndSuxJXiyM76pg49PNVNr4FhuL62GaBFvhJRzjF71,YURBCXTNySftNu5uAQr6CwRrrb5rcdkhQ9n8rUNVRxD,‮CDSU,solana,1786057667,2026-08-06T23:07:47.133258+00:00,0.9954308186194181,399191573.6205,995430817.604569,9.9732318014,100.0,40.0,365,False,False,0.401,RESOLVED,1786058491.0,2026-08-06T23:22:16.153238+00:00,0.9940357879589791,1060.3852752239,0.9986,Flat / mediocre,Survived but ROI only 1.00x,,,,,,,,,,,,,,
4pDRyjHbPTSgdyMnFpSabusiUavSw6gQybrtWa9cXjx8,4ve6JN9MfqtUhvBLpSmr1uzEzACjgPTkvts8o6jqpump,Pixie,solana,1786057668,2026-08-06T23:07:48.581485+00:00,2.0323505501653156e-06,1611.851,2032.35055,123.7212445909,100.0,100.0,365,True,False,0.7931,RESOLVED,1786058491.0,2026-08-06T23:22:18.128868+00:00,2.0323505501653156e-06,123.7212445909,1.0,Flat / mediocre,Survived but ROI only 1.00x,,,,,,,,,,,,,,
2AWG2tbNuekLQQ5g6FLKbDujTHpS6GpjSttHwLAzCeAr,Zh541htdgNBZ88Uj7c6Rx44wYfNEH2vXamBSz4Mpump,CUCK,solana,1786057669,2026-08-06T23:07:49.970929+00:00,2.1331443346216625e-06,1691.794,2133.144335,261.0232905291,100.0,100.0,365,True,False,0.7931,RESOLVED,1786058491.0,2026-08-06T23:22:25.939354+00:00,2.1331443346216625e-06,261.0232905291,1.0,Flat / mediocre,Survived but ROI only 1.00x,,,,,,,,,,,,,,
8xMtz9wfiDatGcnyz3x6D9CSr4pUsXWKHyWUPivhzbb9,BHqqUcwN8ydzEwGdRAAjaZJKeffpk3XyDLmg3hrArv7q,BR1,solana,1786057671,2026-08-06T23:07:51.435308+00:00,2.2989120311898102e-05,1417.545,24334.81674,2990.6777712621,96.59,90.03,365,True,False,0.0583,RESOLVED,1786058491.0,2026-08-06T23:22:39.090800+00:00,6.71953716457435e-10,28429.8730093299,0.0,Rug / dead,24h ROI plummeted to 0.00x,,,,,,,,,,,,,,
2vgbkqFnmefXRFo1WaEYiYi4fYpXacYrpJNUWLHmZQwx,AsvuBULZqkUD3aoQuiT5EunF3xwSb3hZ6hLaepRapump,CRA$H,solana,1786057672,2026-08-06T23:07:52.869084+00:00,2.6978843033071244e-06,913.1531,5395.768606,930.2305825454,100.0,56.31,365,True,False,0.1692,RESOLVED,1786058491.0,2026-08-06T23:22:51.845370+00:00,4.527106072876063e-06,1327.9976409042,1.678,Flat / mediocre,Survived but ROI only 1.68x,,,,,,,,,,,,,,
2ULSuWbQnTRAUirHxpTURdGnfRyqth9G8WdoGLtCrnuH,FaUNYgRPFeNLYMXKLCDyJ3CVzbVXFB3KP9nNumjapump,SAMBREL,solana,1786057674,2026-08-06T23:07:54.327058+00:00,0.03055190212369015,56574.9623,30551.90212,1836.2565383309,89.4,84.81,365,True,False,1.8518,RESOLVED,1786058491.0,2026-08-06T23:23:04.511331+00:00,0.04234048012175882,12651.9432035688,1.3859,Flat / mediocre,Survived but ROI only 1.39x,,,,,,,,,,,,,,
E86XsJEwuioU1DS4968MFJryxdbZV9Bg4KYrgVKspsYD,8HTKjQL1yhtCHs4UZxTnfF5v6PrzKNMHBGjswvbCpump,ONMT,solana,1786057675,2026-08-06T23:07:55.697166+00:00,2.034601170867459e-06,1613.64218861498,2034.601171,3.5877189976,100.0,99.9,365,True,False,0.7931,RESOLVED,1786058491.0,2026-08-06T23:23:25.723703+00:00,2.0334510655334033e-06,7.1759937963,0.9994,Flat / mediocre,Survived but ROI only 1.00x,,,,,,,,,,,,,,
AWGg6We7CDGzFnKpLywz8mDPTJp5XbQ7kLb12WFP5weA,E6fFRtJu8Jjum3EK2iTgubKsUthDYCf4AApMeUGGpump,Omar,solana,1786057677,2026-08-06T23:07:57.181640+00:00,2.037953535789921e-06,1616.5377,2037.953536,14.3509070083,100.0,100.0,365,True,False,0.7932,RESOLVED,1786058491.0,2026-08-06T23:23:27.723680+00:00,2.037953535789921e-06,14.3509070083,1.0,Flat / mediocre,Survived but ROI only 1.00x,,,,,,,,,,,,,,
CLAqrYY4fmzcRFj5e1rTJxuYd27YaCgArmWiYvsyZtVa,249Am9p2oSw2j5eBYUXrDGMY7ABxDne2HfQg7CD4pump,Kyle,solana,1786057678,2026-08-06T23:07:58.654941+00:00,6.304086408428504e-07,498.826,1260.8172816,162.948633277,100.0,50.09,365,True,False,0.3956,RESOLVED,1786249686.0,2026-08-09T04:28:07.489561+00:00,6.304086408e-07,0.0,1.0,Flat / mediocre,Survived but 24.0h ROI only 1.00x,,,,,,,,,,,,,,
BXAe3iRymBCVmQnn9p2C8y9xf1gW6uKfEqELWa68zXF2,Bk9ZBN1CCnu7xS44n8CeZVq4LbaLXVowqtUWzXkEWJ11,PTSD,solana,1786057680,2026-08-06T23:08:00.027173+00:00,2.1653273357371033e-06,1717.3202,2165.327336,1452.2213480792,100.0,100.0,365,True,False,0.7931,RESOLVED,1786249686.0,2026-08-09T04:28:09.669271+00:00,2.165336785e-06,0.0,1.0,Flat / mediocre,Survived but 24.0h ROI only 1.00x,,,,,,,,,,,,,,
HfxyUJFpyQtRLRfSpSP5UdNeB65CSvKFH99E8r9N2Kto,7yaekLV5dfPq7o9HoXfBt2vSW1vQNqebL3NkgWq6pump,GOBIGOTES,solana,1786057681,2026-08-06T23:08:01.457311+00:00,5.226250210822336e-07,827.3754,1045.2500422,206.8937357106,100.0,51.49,365,True,False,0.7916,RESOLVED,1786249686.0,2026-08-09T04:28:12.094330+00:00,0.0,0.0,0.0,Rug / dead,24.0h ROI plummeted to 0.00x,,,,,,,,,,,,,,
EkphU8eomx1zGtKCwkeAuooTHXj59rY4b1gx8K2zxGSu,HukqxsE6FEfinx5oJG8dFzjVWDXtETBEPEQitHuSpump,FOMO,solana,1786057682,2026-08-06T23:08:02.841432+00:00,2.0312646352563076e-06,1610.99598222178,2031.264635,0.007265132294,100.0,100.0,365,True,False,0.7931,RESOLVED,1786249686.0,2026-08-09T04:28:15.648359+00:00,2.033736832e-06,0.0,1.0012,Flat / mediocre,Survived but 24.0h ROI only 1.00x,,,,,,,,,,,,,,
BkLNCyjjfN2jc1CzvSJngDLSHwyd4PvUhdvriBeAfobr,CvZobRHBgWfuQNjQVbuGAesHDcLAqfMiNJvf8xNckDDr,ADHD,solana,1786057684,2026-08-06T23:08:04.385071+00:00,2.16531079701357e-06,1717.3057,2165.310797,1452.2209171372,100.0,100.0,365,True,False,0.7931,RESOLVED,1786249686.0,2026-08-09T04:28:17.928993+00:00,2.165311036e-06,0.0,1.0,Flat / mediocre,Survived but 24.0h ROI only 1.00x,,,,,,,,,,,,,,
5BB9xY4LNo6CoMTESAnGwDDPHrBh69y7V44Ji1ypAACh,6u9RYHVjp3eq5cmupkAqroSzLW9RcxTCX1DS7oqvpump,Rocketman,solana,1786057685,2026-08-06T23:08:05.840920+00:00,6.121402583909677e-06,3534.5509,6035.14011,3539.3884139937,64.09,46.81,365,True,False,0.5857,RESOLVED,1786357172.0,2026-08-10T10:19:45.030664+00:00,2.130315074792985e-06,0.0,0.348,Flat / mediocre,Survived but 24.0h ROI only 0.35x,,,,,,,,,,,,,,
5mpKb2EwjNox4VUVNn6e3XgDkYuQMXZ1Hnw8trzyTG5M,5YVHVH2mkL4yGsMEDPQ5TywYWXnduvEY1or6naW2pump,Agarthа,solana,1786057687,2026-08-06T23:08:07.230496+00:00,2.0995189643726747e-06,1669.5521,2099.518964,603.1692632502,100.0,98.41,365,True,False,0.7952,RESOLVED,1786357172.0,2026-08-10T10:19:55.425961+00:00,2.054767751e-06,0.0,0.9787,Flat / mediocre,Survived but 24.0h ROI only 0.98x,,,,,,,,,,,,,,
Gkd5Gey2itwJVBKG7GW8BKPBCTYdbgoETRQcm65ShiPG,J79MzxRT3cRWRqjxhrupyK6mmVsjahqpHLMN1UGqAQoL,CASHCAT,solana,1786057688,2026-08-06T23:08:08.610528+00:00,6.700735792071727e-06,382.866115114324,6700.735792,0.0363489315,96.28,82.35,365,False,False,0.0571,RESOLVED,1786357172.0,2026-08-10T10:20:04.414577+00:00,0.0,0.0,0.0,Rug / dead,24.0h ROI plummeted to 0.00x,,,,,,,,,,,,,,
8ayKjpqZoMxfToXyDcwUasg5Fetv7SsLK6uFMoaJ5hpA,5ThAV3NYV5TfuesizHf3jzLx4aEtgVWFVXKrKb5ppump,loyalDoge,solana,1786057690,2026-08-06T23:08:10.639809+00:00,2.6063070295354645e-06,1702.771,3795.313706,90.6395812768,100.0,53.94,365,True,False,0.4487,RESOLVED,1786357172.0,2026-08-10T10:20:18.885117+00:00,4.267684704e-06,0.0,1.6374,Flat / mediocre,Survived but 24.0h ROI only 1.64x,,,,,,,,,,,,,,
FT227GbF1WEWJkLPpPAazjSyt4cv5B9HxL6swx7u5As2,H4jXW2FwirDiaYgNhpUUidCxQpLQ5DUc78Yd2iWkpump,STONKED,solana,1786057692,2026-08-06T23:08:12.068689+00:00,2.0315567012524037e-06,1611.2259,2031.556701,0.01439175341,100.0,100.0,365,True,False,0.7931,RESOLVED,1786357172.0,2026-08-10T10:20:26.416445+00:00,2.031556701e-06,0.0,1.0,Flat / mediocre,Survived but 24.0h ROI only 1.00x,,,,,,,,,,,,,,
2LuKwRy2KynMhmcE53kWhnmG93ViXSu3YqkyEJk1sU2j,249BGzEnfpVR5iosL1ga3L3gEhkuw8ziXS6bU4LLpump,MITCH,solana,1786057694,2026-08-06T23:08:14.326436+00:00,1.4792953099705575e-06,1175.0798,2958.59062,41.5661891072,100.0,50.06,365,True,False,0.3972,RESOLVED,1786357172.0,2026-08-10T10:20:43.618356+00:00,1.47929531e-06,0.0,1.0,Flat / mediocre,Survived but 24.0h ROI only 1.00x,,,,,,,,,,,,,,
9cu2pgg5yhQvKRJuNTrTdGCtKuHvXN7qWh6FJgGNbecq,7DW5HUnWb7ecaUdWdrcHkBJ6dpQnraDHfkpmMrR9pump,CRIP,solana,1786057695,2026-08-06T23:08:15.769925+00:00,1.5615189298108311e-06,1971.485,5127.522048,1557.1687248607,100.0,59.67,365,True,False,0.3845,RESOLVED,1786357172.0,2026-08-10T10:20:59.415596+00:00,1.250180786e-06,0.0,0.8006,Flat / mediocre,Survived but 24.0h ROI only 0.80x,,,,,,,,,,,,,,
5QZXRewvFcqow99dLWvc4H5DaHqpYt93Zw9sdr18eSk,C71sdyGdJ5eJbWGsE79WYLpQCt2iNXf6cdubJApHpump,let go,solana,1786057697,2026-08-06T23:08:17.193634+00:00,3.882558826788253e-06,2979.783,7765.117654,734.7711739025,100.0,51.28,365,True,False,0.3837,RESOLVED,1786357172.0,2026-08-10T10:21:07.165525+00:00,3.880524205e-06,0.0,0.9995,Flat / mediocre,Survived but 24.0h ROI only 1.00x,,,,,,,,,,,,,,
AkZWKiUFxgGhUSdGmX2NvaeNxcRAyKCoGp8faixADp4d,HqFmugsaGjj4YPpeqGJVrnweLPvn4giLUECSjWsKpump,CRICAN,solana,1786057698,2026-08-06T23:08:18.594736+00:00,6.43026326938044e-06,2509.9021,6337.051592,277.0941963289,100.0,50.92,365,True,False,0.3961,RESOLVED,1786357172.0,2026-08-10T10:21:16.445246+00:00,6.430263269e-06,0.0,1.0,Flat / mediocre,Survived but 24.0h ROI only 1.00x,,,,,,,,,,,,,,
5YviDefYU924b6rMn5c9tBQ4aPDLTTzYKCURYA8CvGmp,88swoN9J1FJXjhHVJsXp33UFPNR97HYpsYB1qrMwpump,BUSHES,solana,1786057699,2026-08-06T23:08:19.986767+00:00,2.1670079376182443e-06,1718.6564,2167.007938,290.6496098198,100.0,100.0,365,True,False,0.7931,RESOLVED,1786357172.0,2026-08-10T10:21:29.922698+00:00,2.167007938e-06,0.0,1.0,Flat / mediocre,Survived but 24.0h ROI only 1.00x,,,,,,,,,,,,,,
CYEmzsEHyu4faTQdaLhSLVk6JTjQX4NWKBUhwvUafnq2,CKasJTsxrdBB6QKiFdd4J5Y9coWaLtPXRWHRKLHMpump,CRA$H,solana,1786057701,2026-08-06T23:08:21.378825+00:00,2.594305796722298e-07,225.4796,518.8611594,559.4073998241,100.0,53.8,365,True,False,0.4346,RESOLVED,1786357172.0,2026-08-10T10:21:38.688257+00:00,0.0,0.0,0.0,Rug / dead,24.0h ROI plummeted to 0.00x,,,,,,,,,,,,,,
DB9eJam3brQaZcYVsax1Ui2H8jbV2mNLXRCfe43aD6t1,249BFeKKPasqHXySJ9fJY3xsJ464A9HgqTup9iWvpump,Jump,solana,1786057702,2026-08-06T23:08:22.807673+00:00,2.098443345152695e-06,1716.7223,2098.443345,143.5809785677,100.0,99.9,365,True,False,0.8181,RESOLVED,1786506255.0,2026-08-12T03:44:16.677095+00:00,2.033959027e-06,0.0,0.9693,Flat / mediocre,Survived but 24.0h ROI only 0.97x,,,,,,,,,,,,,,
EGDBn7u44cbxz5p8M72HZtSjg73BZCdiPDwnCtyWfbrq,FLENupNJfyHnw7rhPzrqSoBQ5iYwk8MNzgZgPtyUHjZt,‮TSX,solana,1786057704,2026-08-06T23:08:24.241349+00:00,0.019811581203624053,794343165.4862,19811581199.9802,1039.5496680312,100.0,40.0,365,False,False,0.0401,RESOLVED,1786506255.0,2026-08-12T03:44:20.838275+00:00,0.0198115812,0.0,1.0,Flat / mediocre,Survived but 24.0h ROI only 1.00x,,,,,,,,,,,,,,
FmoCKf33Yn3qKvFEPEPSLUBrAXj7aysB59KsP7XmN6yx,4fam7Df6QRPG7PY8yUHhyGE2z4Q9k7AXBEgmrLZ6pump,HTZ,solana,1786057705,2026-08-06T23:08:25.693653+00:00,3.334668138753184e-07,259.7983,666.9336278,679.1038993817,100.0,50.7,365,True,False,0.3895,RESOLVED,1786506255.0,2026-08-12T03:44:23.830497+00:00,0.0,0.0,0.0,Rug / dead,24.0h ROI plummeted to 0.00x,,,,,,,,,,,,,,
DXzk43PiJu23hgNPzE4XqAi92x4w7vV6hxfbgYevojwT,ARFaLs44pdoSdqEsHBWAphkr9tfiuAUasMMXYmhVpump,bread,solana,1786057707,2026-08-06T23:08:27.099843+00:00,2.3438303201705664e-06,2421.9503,2939.613441,12094.3168883482,100.0,99.47,365,True,False,0.8239,RESOLVED,1786506255.0,2026-08-12T03:44:26.879122+00:00,2.036653699e-06,0.0,0.8689,Flat / mediocre,Survived but 24.0h ROI only 0.87x,,,,,,,,,,,,,,
DCmgPy66hQi9jsZtXMmKCDb97K6WuagWZMTUjzVA3jNk,249ArxmX6GmjNN8GMNfb71afj5N6XeA4BJesHPhUpump,MITCH,solana,1786057708,2026-08-06T23:08:28.708124+00:00,3.7733518869503466e-07,302.9092,754.6703774,35.0034171998,100.0,50.48,365,True,False,0.4014,RESOLVED,1786931553.0,2026-08-17T01:52:40.056673+00:00,0.0,0.0,0.0,Rug / dead,24.0h ROI plummeted to 0.00x,,,,,,,,,,,,,,
8icUphNfmmYPpnMinfvrsDcfBfAog4D67WZLvMzV3pWB,8Q2oCa3ifjJMU13VbVhwrPdSDZiNyAiAE9FBE2C3pump,$NTE,solana,1786057710,2026-08-06T23:08:30.150847+00:00,7.093239537028046e-07,557.3015,1418.6479074,30.4525937182,100.0,50.37,365,True,False,0.3928,RESOLVED,1786931553.0,2026-08-17T01:52:53.164523+00:00,7.093239537e-07,0.0,1.0,Flat / mediocre,Survived but 24.0h ROI only 1.00x,,,,,,,,,,,,,,
DjK8drR8RNLWY6Bussbq8p4KyL4zqp5A5hj3azjwFFNW,AMXGNbZXdxAxFcXAgtfp8jRFoDn5AGSUfXCVa7J1UHLU,Telegram,solana,1786057711,2026-08-06T23:08:31.530105+00:00,3.294839404412052e-05,0.0,32948.39404,3616.8568836841,93.69,59.09,365,True,False,0.0,RESOLVED,1786931553.0,2026-08-17T01:53:06.066905+00:00,0.0,0.0,0.0,Rug / dead,24.0h ROI plummeted to 0.00x,,,,,,,,,,,,,,
7nqyte3fSkpnJ5oBwdzJfA7M4x13rCmBstNJdUPJgjqQ,6AHpzxAto9CtA6rsn61BAzuteqKo2modPkbrtXWEpump,TUNG,solana,1786057712,2026-08-06T23:08:32.924795+00:00,1.3028568326951532e-07,107.1772,260.5713666,67.8368508993,100.0,51.31,365,True,False,0.4113,RESOLVED,1786931553.0,2026-08-17T01:53:13.823267+00:00,0.0,0.0,0.0,Rug / dead,24.0h ROI plummeted to 0.00x,,,,,,,,,,,,,,
75YbKxeLikfWJzTBB4wEcZiYUQw8NRfovkWEFqvjmiQH,ErFtUJBjrmZyBqBRLW1bioxryiTkWTLXnifBV6pUpump,Dolphin,solana,1786057714,2026-08-06T23:08:34.304676+00:00,2.1363508515842767e-06,1692.9325,2136.350852,965.3044703566,100.0,97.42,365,True,False,0.7924,RESOLVED,1786931553.0,2026-08-17T01:53:26.424440+00:00,2.082117567e-06,0.0,0.9746,Flat / mediocre,Survived but 24.0h ROI only 0.97x,,,,,,,,,,,,,,
FEiLsHHgAbxSh4iCqKKXo472K2jCoNp9XpVyfv8YsXuk,FDdEaAMSGTLmwXJSPJeWDYrUwMjf6CujPk4sNtcopump,CUTDUCK,solana,1786057715,2026-08-06T23:08:35.764125+00:00,2.054983411108398e-06,1628.74701908743,2053.633229,23.6824942497,100.0,100.0,365,True,False,0.7931,RESOLVED,1786931553.0,2026-08-17T01:53:39.734632+00:00,2.054983411e-06,0.0,1.0,Flat / mediocre,Survived but 24.0h ROI only 1.00x,,,,,,,,,,,,,,
8YxsKEgUPyGcksFVm6WCT5MbdwXxGJVuT8yoKDsZVA9c,5FdVU4mAGAXsu18rFg1i5aVFeFgBBPqC46taAXXpump,GOONK,solana,1786057717,2026-08-06T23:08:37.270471+00:00,2.031548395759724e-06,1611.2206,2031.548396,0.01453236704,100.0,100.0,365,True,False,0.7931,RESOLVED,1786931553.0,2026-08-17T01:53:53.123461+00:00,2.031548396e-06,0.0,1.0,Flat / mediocre,Survived but 24.0h ROI only 1.00x,,,,,,,,,,,,,,
52KDUJCzFzxffPHBTTUmy7y8DWhBvMXLrdoBXeA7Q2ke,HHjWhE1Ak2JbGbfQoLgnd3J74tktrqrCinFq38xopxgx,WIG,solana,1786057718,2026-08-06T23:08:38.663997+00:00,5.37378541139569e-10,0.6394,0.5147351275,87.4786007813,96.12,61.44,365,True,False,1.2422,RESOLVED,1786931553.0,2026-08-17T01:54:06.462259+00:00,0.0,0.0,0.0,Rug / dead,24.0h ROI plummeted to 0.00x,,,,,,,,,,,,,,
FtQBLGNtW1zhDTXbYmGZQvad4pezoZq9fjao2vYq6xUV,5Le8fae3BBXhRGeU1baE6VQ9jTAGnSnJuyiNYdPrpump,HIENA2,solana,1786057923,2026-08-06T23:12:03.444816+00:00,2.3965388958139678e-06,1734.3698,2396.538896,249.8222114187,100.0,100.0,365,True,False,0.7237,RESOLVED,1786931553.0,2026-08-17T01:54:14.424947+00:00,2.265018124e-06,0.0,0.9451,Flat / mediocre,Survived but 24.0h ROI only 0.95x,,,,,,,,,,,,,,
9NLBMuDtQ9z8S2QdT5NsVoboySFsva8PFqTh5y3bnEqG,4KZcAreqvU2n32RgHNbdYxkiXimEEVxncVN8Q5rtJSoC,PEPE,solana,1786057925,2026-08-06T23:12:05.023019+00:00,2.0741672232908662e-06,1646.73860995598,2158.670332,88.8348805961,100.0,100.0,365,True,False,0.7628,RESOLVED,1786931553.0,2026-08-17T01:54:28.123973+00:00,2.152304363e-06,0.0,1.0377,Flat / mediocre,Survived but 24.0h ROI only 1.04x,,,,,,,,,,,,,,
CLjmTMwU8J11LbCMNaehWC6BXgKx8yJuVgpNhSo1qsMf,3rBq2aCUBH4AoRiAjfdPFkDBKiUBgqaA9bxVmA78pump,DCA,solana,1786057926,2026-08-06T23:12:06.509773+00:00,2.3535289901007693e-06,1867.2175,2353.52899,506.8773521879,100.0,99.59,365,True,False,0.7934,RESOLVED,1786931553.0,2026-08-17T01:54:41.634110+00:00,2.633572994e-06,0.0,1.119,Flat / mediocre,Survived but 24.0h ROI only 1.12x,,,,,,,,,,,,,,
AFmipXjm3auV5cM5q9nEUWQAq9SeQTjHRUttsYRRP4cW,6jPz6JaoMcSxYPj3BRxStrTUaTkqjAKXouDzpMN8WEZf,DREAMCATS,solana,1786057927,2026-08-06T23:12:07.906514+00:00,3.683891000712361e-05,69408.1067,37051.3223,6089.9831155662,98.11,93.5,365,False,False,1.8733,RESOLVED,1786931553.0,2026-08-17T01:54:49.942836+00:00,0.0,0.0,0.0,Rug / dead,24.0h ROI plummeted to 0.00x,,,,,,,,,,,,,,
A6Bx5a4qwKZoLpBRnfvp1BWyFsuXSrbZiXUYVdwcwzwq,6jPz6JaoMcSxYPj3BRxStrTUaTkqjAKXouDzpMN8WEZf,DREAMCATS,solana,1786057929,2026-08-06T23:12:09.553624+00:00,4.000676611425933e-05,0.4143,40006.76611,0.2768673392,98.02,93.58,365,False,False,0.0,RESOLVED,1786931553.0,2026-08-17T01:55:03.541329+00:00,0.0,0.005878763017,0.0,Rug / dead,24.0h ROI plummeted to 0.00x,,,,,,,,,,,,,,
BgkZQCnkd438Jx7fzW9tukmq3cMvW1XhpBNE5R1ji2cY,6jPz6JaoMcSxYPj3BRxStrTUaTkqjAKXouDzpMN8WEZf,DREAMCATS,solana,1786057930,2026-08-06T23:12:10.991631+00:00,6.542304836866499e-12,0.0,0.006542304837,0.006541649001,98.21,93.67,365,False,False,0.0,RESOLVED,1786931553.0,2026-08-17T01:55:16.652690+00:00,0.0,0.0,0.0,Rug / dead,24.0h ROI plummeted to 0.00x,,,,,,,,,,,,,,
B7GWAugdCpmp2U9EFPPsR9bgCDrFEyLgqRuifRrKkGBN,249CTZ6iKGFLzaK71XYCWwfczycmDJnH9CRGKUDUpump,Martyrs,solana,1786057932,2026-08-06T23:12:12.402117+00:00,2.099405756695223e-06,1664.79014418027,2099.405757,71.7871431133,100.0,100.0,365,True,False,0.793,RESOLVED,1786931553.0,2026-08-17T01:55:24.263678+00:00,2.119953503e-06,0.0,1.0098,Flat / mediocre,Survived but 24.0h ROI only 1.01x,,,,,,,,,,,,,,
8GkeXih3srxCUK1VGNxKXnEExyufRskcbJyRr6ywxbTP,CBnVpJqr5qni9BFK9eEw1GAQDmcSsqhXbyW2gxzipump,vAIrus,solana,1786057933,2026-08-06T23:12:13.985183+00:00,4.012672226107518e-06,3182.45034252588,4012.672226,9.8850843672,100.0,100.0,365,True,False,0.7931,RESOLVED,1786931553.0,2026-08-17T01:55:26.473434+00:00,4.012049949e-06,0.0,0.9998,Flat / mediocre,Survived but 24.0h ROI only 1.00x,,,,,,,,,,,,,,
5e9hgfjsJt2ks3hro6bhSsZXamCRu25TY8v6qTLLLfNn,HebwABRFUZynihzArQLcTrCfmETf7p7yfiJJJwQoGF6y,$0 (HebwA...),solana,1786932047,2026-08-17T02:00:47.584190+00:00,3.1245555922505913e-06,2578.24261215581,5097.175762,377.4602346166,5.2,4.55,365,True,False,0.5058,DROPPED,,,,,,Data Incomplete,DexScreener payload completely empty,$0,0.009884497222222222,False,0.0,,,False,0.0,0.0,0.0,0.0,0.0,,data_incomplete_dexscreener
Am2ETpBF3TqE86nEiX7uJTkYE7RtoAz68EC9c3ZcbD4,FCw7vpvtFidTpzsp65tSmab82bjzRJFXCYU9uUB9pump,Gabriel (FCw7v...),solana,1786932049,2026-08-17T02:00:49.674496+00:00,9.538302295420135e-06,4271.0921,9132.627364,5146.1516223828,35.58,9.95,365,True,False,0.4677,DROPPED,,,,,,Data Incomplete,DexScreener payload completely empty,Gabriel,0.012965137777777778,False,0.0,,,False,0.0,0.0,0.0,0.0,0.0,,data_incomplete_dexscreener
HeUVLQBqi19JFUAAd1XiCXKbgqb5JBdHp2kFCsR673yV,FrnDr6EK24JxfWpWMeankBtV5gm11JVosPoDjcCs479u,RETS (FrnDr...),solana,1786932057,2026-08-17T02:00:57.226219+00:00,9.952746905856022e-05,94610.5149,99507.4634227842,63.1874434884,100.0,100.0,365,True,False,0.9508,DROPPED,,,,,,Data Incomplete,DexScreener payload completely empty,RETS,0.019507283055555557,False,0.0,,,False,0.0,0.0,0.0,0.0,0.0,,data_incomplete_dexscreener
